ticker,price,ma_200,market_cap,as_of
A,175.2100067138672,132.25100002288818,49403231988.81102,2026-09-29
AAPL,316.22,284.1139,4614971617415.0,2026-09-08
ABEV,2.869999885559082,2.9510499954223635,44245314559.603134,2026-09-29
ABG,212.91,214.6181,3822142714.0,2026-09-08
ABT,105.52,106.183,182590039585.0,2026-09-08
ACLS,124.01000213623047,118.94250007629394,3829613516.8599777,2026-09-29
ACN,174.47000122070312,197.5001496887207,106765540504.22964,2026-09-29
ACU,63.7599983215332,47.63299991607666,244444548.0450554,2026-09-29
AEIS,277.8399963378906,303.7959001922607,11127614658.6109,2026-09-29
AEO,17.309999465942383,19.386800031661988,2900694304.736185,2026-09-29
AER,143.54,143.6422,22562199634.0,2026-09-08
AES,14.83,14.5974,10580294828.0,2026-09-08
AG,20.75,19.7556,10227807447.0,2026-09-08
AGCO,117.61000061035156,116.29509979248047,8236431690.433975,2026-09-29
AGNC,10.68,10.7723,12660942215.0,2026-09-08
AGRO,12.24,10.53,1766329470.0,2026-09-08
AGX,355.2099914550781,515.4861494445801,4983540056.936096,2026-09-29
AGYS,97.0999984741211,93.13129989624024,2738781971.761383,2026-09-29
AIT,337.4200134277344,301.8563008880615,12394751344.152985,2026-09-29
ALC,65.26000213623047,73.56075004577637,31546685032.65381,2026-09-29
ALG,172.53,171.5801,2099856576.0,2026-09-08
ALRM,53.77000045776367,49.25035001754761,2639581582.031723,2026-09-29
AMAT,486.760009765625,422.51509956359865,386291499104.655,2026-09-29
AMD,607.8699951171875,366.68480056762695,992332595809.4705,2026-09-29
AMPH,27.389999389648438,22.350849981307984,1165114260.1968994,2026-09-29
AMZN,256.97,239.2949,2771759011763.0,2026-09-08
ANET,204.9199981689453,157.41349987030029,258450152558.7887,2026-09-29
ANF,134.17999267578125,100.95004981994629,5693844395.06134,2026-09-29
AOS,58.380001068115234,64.59134990692138,7934342636.906017,2026-09-29
APEI,40.619998931884766,48.75879991531372,743408657.1118431,2026-09-29
APTV,43.93000030517578,64.83479986190795,9121332294.194664,2026-09-21
ARCB,138.1,114.1083,3086722123.0,2026-09-08
ARIS,17.5,17.88264998435974,3612537127.5,2026-09-29
ASIC,26.53,21.0733,1271501432.0,2026-09-08
ASTE,42.9,51.7562,986383862.0,2026-09-08
ATAT,32.77000045776367,36.06847496032715,4528353710.296509,2026-09-29
ATI,180.6699981689453,165.40994972229004,24601902847.274582,2026-09-29
ATMU,47.43,54.5041,3870075870.0,2026-09-08
ATRO,67.6500015258789,64.10963474273682,2909563245.2266235,2026-09-29
AVO,13.100000381469727,12.903849997520446,1148587125.8466568,2026-09-29
AYI,305.9100036621094,315.3829504394531,9157583292.397247,2026-09-29
BABA,112.66,135.2202,280030365568.0,2026-09-08
BAM,48.87,49.1289,78057685598.0,2026-09-08
BBSI,30.850000381469727,33.55675005912781,747655312.2449875,2026-09-29
BF-B,26.030000686645508,27.03154996871948,11944237133.027086,2026-09-29
BNED,12.25,10.0943,424646005.0,2026-09-08
BORR,4.44,4.8099,1369796587.0,2026-09-08
BOSC,4.670000076293945,4.614900002479553,32970200.538635254,2026-09-29
BP,44.88,40.8171,115581364636.0,2026-09-08
BRC,84.0999984741211,86.63044998168945,3944223825.8374786,2026-09-29
BUKS,4.010000228881836,3.831650012731552,256006911.8023014,2026-09-29
BWA,63.56999969482422,58.68415018081665,12938923221.003845,2026-09-21
BWMX,15.39,16.8951,607674979.0,2026-09-08
BWXT,134.35000610351562,190.53914985656738,12309413572.216187,2026-09-29
BXC,81.17,62.487,638013799.0,2026-09-08
CAAP,24.16,25.8595,3947053723.0,2026-09-08
CAE,24.28,27.4993,7814495907.0,2026-09-08
CAMT,142.61000061035156,154.8648998641968,6655348750.453995,2026-09-29
CARG,33.14500045776367,33.901699962615965,2952340469.0846024,2026-09-21
CART,43.34000015258789,42.61094980239868,10286029592.214203,2026-09-29
CAT,819.9500122070312,790.6920993041992,376910430846.81573,2026-09-29
CAVA,51.58000183105469,72.27749984741212,6024863906.718536,2026-09-29
CBT,78.44999694824219,78.75605003356934,4050452341.584671,2026-09-29
CCJ,101.97,105.4622,44411298400.0,2026-09-08
CCLD,2.17,2.6933,92211677.0,2026-09-08
CDE,20.66,18.9727,21237136901.0,2026-09-08
CDNS,284.11,327.0343,78241901195.0,2026-09-08
CDRE,29.66,35.0708,1270062963.0,2026-09-08
CELH,28.0,36.761199979782106,7084981316.0,2026-09-29
CENT,39.68000030517578,38.79060012817383,2483674307.741745,2026-09-29
CENX,47.95,49.6108,4746728570.0,2026-09-08
CF,115.51000213623047,111.7526501083374,17481067719.593124,2026-09-29
CGNX,58.75,55.25089984893799,9883150717.5,2026-09-29
CHKP,129.27000427246094,146.84915031433104,13198549393.40097,2026-09-29
CHT,45.73500061035156,43.02102502822876,35478682269.90196,2026-09-21
CIEN,344.19000244140625,388.4318997192383,48809076565.96222,2026-09-29
CLB,10.029999732971191,14.720050024986268,460221944.0075054,2026-09-29
CLBT,11.069999694824219,14.232849946022034,2782345457.4967957,2026-09-29
CLH,313.260009765625,289.44435066223144,16536133823.980469,2026-09-29
CMI,517.8400268554688,603.301802520752,71288181645.12433,2026-09-29
CMT,22.5,22.713550004959107,199103265.0,2026-09-29
COLM,58.689998626708984,59.39015016555786,3004528485.5568466,2026-09-29
COO,67.69,73.3605,13201623820.0,2026-09-08
COST,922.9199829101562,960.5869470214843,409099049144.6533,2026-09-29
CPA,129.84,131.0316,5299993732.0,2026-09-08
CR,206.9199981689453,196.74085052490236,11960049557.684387,2026-09-29
CRH,83.75,109.22174991607666,55717577796.25,2026-09-29
CRS,385.29998779296875,440.0126496887207,19094914874.837036,2026-09-29
CRUS,119.52999877929688,139.88924995422363,5990552005.151337,2026-09-29
CSPX.L,830.26,768.1979,,2026-09-07
CSX,49.0,43.2346,90771270933.0,2026-09-08
CTSH,56.75,61.480000019073486,25562708860.75,2026-09-29
CVCO,557.530029296875,558.7102494812011,4287072522.335449,2026-09-29
CWCO,27.530000686645508,32.42699991226196,440834184.4451618,2026-09-29
CWST,92.07,92.1895,5859339015.0,2026-09-08
CXDO,5.88,7.0495,195532289.0,2026-09-08
DAN,27.1200008392334,30.78904989242554,2917479624.761942,2026-09-29
DAR,60.59000015258789,55.700249919891355,9561278704.518814,2026-09-29
DASH,200.44,188.4293,86849781945.0,2026-09-08
DCI,87.4800033569336,91.30005027770996,10139818474.022606,2026-09-29
DDL,2.190000057220459,2.506899993419647,478859103.1216607,2026-09-29
DIDIY,3.5899999141693115,4.046519991159439,16181982900.356777,2026-09-29
DINO,106.19000244140625,69.9168000793457,18878867359.3526,2026-09-29
DIOD,96.37000274658203,83.22584991455078,4438002937.334785,2026-09-29
DIS,105.58999633789062,103.99605026245118,182320863658.8637,2026-09-29
DKS,132.37,207.0123,11771207783.0,2026-09-08
DLO,13.819999694824219,13.523399996757508,4066799328.2561874,2026-09-29
DMC,30.65999984741211,35.21214988708496,1445503036.686058,2026-09-29
DRD,24.34000015258789,28.43705009460449,2114553407.2761726,2026-09-29
DRI,197.02000427246094,203.77449989318848,22369997252.222717,2026-09-29
DRS,36.66999816894531,42.158199882507326,9786911366.35704,2026-09-29
DSGX,78.8499984741211,74.96405014038086,6745503273.5132675,2026-09-29
DSP,12.302000045776367,11.590434980392455,260606811.4717312,2026-09-21
DTM,121.97000122070312,134.3577501296997,12442805777.65039,2026-09-29
DXCM,86.68000030517578,72.67320003509522,32709631225.361366,2026-09-29
EBS,6.860000133514404,8.703199999332428,351735091.8057289,2026-09-29
EDU,55.869998931884766,54.0953000831604,8661502469.010544,2026-09-29
EE,34.029998779296875,35.26160011291504,1069140984.5433655,2026-09-21
EFXT,23.6299991607666,21.599849939346313,2885291022.8171825,2026-09-29
EGAN,5.670000076293945,8.036350004673004,148392219.88672447,2026-09-29
ELMD,27.51,31.4231,230153146.0,2026-09-08
ENS,177.97999572753906,188.82440002441408,6418888413.432739,2026-09-29
EOG,145.36,128.8664,76245561343.0,2026-09-08
EPAC,35.22999954223633,37.05630006790161,1801579245.1710434,2026-09-29
EPAM,107.55000305175781,132.5696000289917,5548179963.980972,2026-09-29
EPD,36.650001525878906,36.747950048446654,79144841538.95065,2026-09-29
EPM,3.7,4.0643,133014420.0,2026-09-08
EQT,49.869998931884766,55.63435007095337,31194482251.87683,2026-09-29
ERO,37.40999984741211,29.830050020217897,3901961484.6146812,2026-09-29
ESCA,19.3700008392334,17.48714996814728,266648864.93294907,2026-09-29
ESLT,704.27001953125,770.0477000427246,33001771263.83545,2026-09-29
ETD,21.71,22.5844,547146317.0,2026-09-08
EVI,19.979999542236328,19.18234998226166,257313063.4646759,2026-09-29
EW,86.83000183105469,85.07840000152588,50048813055.41992,2026-09-29
EXEL,58.369998931884766,48.73409999847412,14463017097.3806,2026-09-29
EXPD,188.5800018310547,161.99254989624023,24513631734.779938,2026-09-29
EXPO,64.3499984741211,66.62449996948243,3059590432.8504333,2026-09-29
EYE,16.1200008392334,22.62270000934601,1274597391.9176083,2026-09-29
EZPW,30.829999923706055,28.360000019073485,1897154197.0451775,2026-09-29
FC,18.81,19.4009,212437745.0,2026-09-08
FCX,71.95999908447266,63.14930004119873,103335819640.3667,2026-09-29
FDX,289.6499938964844,297.8617724609375,68551590053.2283,2026-09-29
FELE,97.58000183105469,100.15150005340575,4314154738.073608,2026-09-29
FERG,227.3000030517578,237.88754997253417,43971803164.47084,2026-09-29
FFIV,435.55999755859375,341.4099500274658,24664535253.670044,2026-09-29
FIGS,13.619999885559082,12.730800013542176,2262830077.026758,2026-09-29
FISV,50.86,58.2605,27045655754.0,2026-09-08
FIVE,228.0,213.95689964294434,12552319980.0,2026-09-29
FIZZ,29.56999969482422,33.66089992523193,2768204451.570877,2026-09-29
FLEX,114.31,95.1224,42226453513.0,2026-09-08
FLNG,30.98,29.1046,1675781783.0,2026-09-08
FLO,6.32,8.9229,1339797249.0,2026-09-08
FLS,74.08999633789062,76.34369995117187,9417785404.699097,2026-09-29
FLXS,87.52999877929688,58.70494998931885,358150084.735199,2026-09-29
FN,416.31,536.1433,14918412144.0,2026-09-08
FRO,48.099998474121094,35.50749996185303,10708160669.304428,2026-09-29
FSS,115.01000213623047,115.56864994049073,7020395811.508949,2026-09-29
FSTR,37.599998474121094,34.941499910354615,395543072.74811554,2026-09-29
FTI,70.62000274658203,66.51249994277954,27694650157.67166,2026-09-29
G,32.599998474121094,36.835700092315676,5477921411.799843,2026-09-29
GASS,8.869999885559082,8.814899988174439,333766440.51373863,2026-09-29
GCT,52.619998931884766,41.931750049591066,1879072632.7973518,2026-09-29
GDRX,3.309999942779541,2.742524996995926,1129191214.7595043,2026-09-29
GEV,971.31,888.2022,258692469910.0,2026-09-08
GFS,45.09,53.3501,24743186371.0,2026-09-08
GGG,78.25,81.94545009613037,12672886728.0,2026-09-29
GIC,42.31999969482422,33.345349884033205,1612744979.4902573,2026-09-29
GLBE,39.279998779296875,35.55870004653931,6597758913.441681,2026-09-29
GLOB,33.790000915527344,45.487650079727175,1459037236.7720642,2026-09-29
GLP,47.16999816894531,47.37520008087158,1596656277.4506683,2026-09-29
GLW,151.58999633789062,149.1547003173828,130577853941.79172,2026-09-29
GM,80.63999938964844,80.72240009307862,72934971714.20659,2026-09-29
GMED,74.77999877929688,84.88235000610352,10040105765.026062,2026-09-29
GNTX,22.34000015258789,23.420199975967407,4706665646.687725,2026-09-29
GOOGL,342.75,338.33519943237303,4191810163325.25,2026-09-29
GOOS,7.670000076293945,10.57755002260208,749056878.4809132,2026-09-29
GPOR,152.08999633789062,183.22964988708497,2689539115.1797485,2026-09-29
GTBIF,7.909999847412109,7.356430008411407,1729037232.2659988,2026-09-29
GVA,115.7699966430664,127.06045001983642,5143301253.47187,2026-09-29
GWW,1255.68994140625,1201.6724490356446,59144179100.15918,2026-09-29
HIMX,13.960000038146973,12.238050036430359,2434985766.0938206,2026-09-29
HL,20.46,19.0068,13744381483.0,2026-09-08
HLN,9.25,9.8433,40678025626.0,2026-09-08
HLX,10.600000381469727,8.405550036430359,1562253938.2,2026-09-10
HMY,20.23,18.3232,12640411622.0,2026-09-08
HNI,46.86000061035156,41.37979995727539,3382439192.0562744,2026-09-29
HOUR,1.9149999618530273,1.9208799976110458,67407653.95723343,2026-09-29
HRMY,42.07,34.2691,2450005035.0,2026-09-08
HSTM,29.139999389648438,24.433550004959105,891564128.5057526,2026-09-29
HTHT,43.290000915527344,47.442749938964845,13653925465.992805,2026-09-29
HUBG,36.06,42.452,2205195654.0,2026-09-08
HWKN,127.83000183105469,144.7708002090454,2668466244.333481,2026-09-29
IAG,20.11,17.8593,11482810348.0,2026-09-08
IBEX,44.33000183105469,33.36717502593994,588641869.533905,2026-09-29
IBKR,90.97,79.0357,41216521768.0,2026-09-08
IDXX,529.0599975585938,591.5629495239258,41679937038.62329,2026-09-29
IESC,322.0899963378906,288.363699798584,12834871502.149658,2026-09-29
IHG,154.69,147.7051,22703919567.0,2026-09-08
INBP,0.17000000178813934,0.24315000258386135,5280133.755538911,2026-09-29
INFU,12.869999885559082,9.768199977874756,256334117.19065952,2026-09-29
INGR,96.44999694824219,107.52984992980957,6082520582.094009,2026-09-29
INMD,14.204999923706055,14.399300003051758,817414958.8697281,2026-09-29
INOD,66.79000091552734,61.062100105285644,2296417291.768257,2026-09-29
INSW,103.81,74.3297,5141845273.0,2026-09-08
IPAR,117.94000244140625,101.10455013275147,3777120689.327942,2026-09-29
IPI,32.34000015258789,36.1097998046875,435188839.2133255,2026-09-29
IRDM,48.33000183105469,36.39554996490479,5122088602.218018,2026-09-29
IRMD,86.66000366210938,93.88669986724854,1108120686.8873596,2026-09-29
ISRG,414.7900085449219,450.1811994934082,148610150443.47784,2026-09-29
ITRI,96.57,92.3559,4228486723.0,2026-09-08
ITT,201.52,194.7769,18104521716.0,2026-09-08
IZM,1.2599999904632568,0.7097499947249889,3028563.6970772743,2026-09-29
JBHT,226.07000732421875,242.8211498260498,21231350947.583557,2026-09-29
JBL,312.33,293.3915,32728150100.0,2026-09-08
JBS,11.600000381469727,14.335899934768676,38156620105.19267,2026-09-29
JJSF,83.46,83.677,1559166986.0,2026-09-08
KAI,269.8399963378906,310.2900506591797,3186572088.033722,2026-09-29
KE,27.530000686645508,25.95347499847412,659811388.8068295,2026-09-29
KEX,131.58999633789062,134.15670013427734,6947951806.640625,2026-09-29
KEYS,359.739990234375,299.3307991027832,61243842903.75366,2026-09-29
KEYS.L,588.0,561.97,18492272484.0,2026-09-07
KFRC,51.14,39.895,915866249.0,2026-09-08
KFY,71.30999755859375,70.42764995574952,3890591531.60968,2026-09-29
KGC,30.15,29.4849,35765159335.0,2026-09-08
KNSA,76.0999984741211,55.529974918365475,5937627270.244804,2026-09-29
KNX,63.54999923706055,64.86049991607666,10343143675.827026,2026-09-29
KR,59.689998626708984,63.56735000610352,35252238691.949844,2026-09-29
KRT,53.2400016784668,32.085475025177004,1061164859.4947319,2026-09-29
KSS,18.61,17.2711,2109935710.0,2026-09-08
LAUR,37.619998931884766,35.03067506790161,5182130776.06781,2026-09-29
LCII,85.5199966430664,116.17264965057373,2079119997.0278854,2026-09-29
LEA,120.23999786376953,128.41919998168945,8004949481.140961,2026-09-29
LECO,271.17999267578125,263.6590003204346,14780870784.047913,2026-09-29
LFVN,6.190000057220459,5.9235249972343444,77928659.08037376,2026-09-29
LGCY,9.069999694824219,11.444800028800964,116216064.74971008,2026-09-29
LII,368.4100036621094,489.4848992919922,12732498403.314972,2026-09-29
LMAT,82.33999633789062,94.64879981994629,1883054537.6302795,2026-09-29
LMB,48.560001373291016,75.27425016403198,579077676.4564857,2026-09-29
LNG,276.02,240.654,57007556022.0,2026-09-08
LNN,113.9000015258789,118.18995002746583,1158236017.0164871,2026-09-29
LNTH,99.73999786376953,87.36324989318848,6513009393.004417,2026-09-29
LOGI,100.33000183105469,99.79135005950928,14366085611.745667,2026-09-29
LOPE,146.39999389648438,158.70239974975587,3815921257.7116394,2026-09-29
LQDT,43.33000183105469,35.49180006980896,1357599065.309906,2026-09-29
LRN,76.66000366210938,84.32189994812012,3185977869.896698,2026-09-29
LSTR,165.41000366210938,174.67605018615723,5613506888.530731,2026-09-29
LULU,100.58000183105469,146.96739974975586,11135214517.21611,2026-09-29
LW,43.18000030517578,46.20344989776611,5936522804.39653,2026-09-29
LXFR,17.2450008392334,15.316025052070618,465497825.6335983,2026-09-21
M,23.010000228881836,21.602549962997436,6009674684.23859,2026-09-29
MAMA,13.149999618530273,15.49549997329712,619989199.3646679,2026-09-29
MAT,14.14,16.5101,4039798098.0,2026-09-08
MBUU,23.1299991607666,27.910549926757813,455147913.8257179,2026-09-29
MEOH,60.39,52.2407,4672027795.0,2026-09-08
MGRC,114.86000061035156,113.06440017700196,2805531667.0882416,2026-09-29
MHH,7.260000228881836,7.009149992465973,87211340.8094616,2026-09-29
MHK,124.43000030517578,114.9391000366211,8428657403.022041,2026-09-29
MITK,17.219999313354492,14.963749961853027,777007249.2969246,2026-09-29
MLI,60.970001220703125,62.269875087738036,13485429496.356812,2026-09-29
MLM,490.7699890136719,592.4483988952637,34854181323.897766,2026-09-29
MMSI,87.38,76.6384,5217496335.0,2026-09-08
MNST,41.86000061035156,42.29267507553101,82005908036.7503,2026-09-29
MPAA,10.529999732971191,12.102900009155274,199366664.6542883,2026-09-29
MPC,397.77,242.6636,111703662893.0,2026-09-08
MPTI,75.44000244140625,73.21445013046265,327898160.0515137,2026-09-29
MPWR,1351.199951171875,1275.0726501464844,66402019200.43945,2026-09-29
MSA,182.32000732421875,176.14435005187988,7033593933.035828,2026-09-29
MSFT,509.2200012207031,432.14689926147463,3781236283991.4067,2026-09-29
MTRN,261.989990234375,196.30994941711427,5449780852.010498,2026-09-29
MU,1000.26,610.3384,1129686804248.0,2026-09-08
MUR,37.58,35.439,5387077328.0,2026-09-08
MUSA,520.1199951171875,502.8992510986328,9559985991.892212,2026-09-29
MWA,21.639999389648438,26.208400020599367,3378559598.268448,2026-09-29
MYRG,285.92999267578125,327.80370063781737,4451715538.467407,2026-09-29
MZTI,101.0999984741211,132.26110015869142,2759120058.357239,2026-09-29
NBIX,140.44000244140625,147.5390502166748,14275611227.806946,2026-09-29
NCSM,53.349998474121094,47.301149959564206,140018302.05,2026-09-10
NE,45.89,41.9125,7325981286.0,2026-09-08
NEXN,9.39,7.7625,534773956.0,2026-09-08
NFG,77.76000213623047,83.61049991607666,7390707101.278236,2026-09-29
NICE,109.08999633789062,104.76890029907227,6392367024.330688,2026-09-29
NKE,38.1,51.2973,56521298320.0,2026-09-08
NOG,23.209999084472656,24.063650064468384,2473005163.33136,2026-09-29
NOV,19.5,19.334749975204467,6951323437.5,2026-09-29
NPO,301.08,281.7093,6373165111.0,2026-09-08
NRDS,8.520000457763672,10.321275022029877,544625471.7417068,2026-09-29
NSC,313.04998779296875,311.0943994140625,70313648425.84857,2026-09-29
NSSC,35.060001373291016,39.75140012741089,1254041450.3404732,2026-09-29
NTES,121.04000091552734,123.36545024871826,77505595833.44002,2026-09-29
NVMI,370.4200134277344,441.81429901123045,11781638584.704681,2026-09-29
NWPX,103.11000061035156,97.3930499458313,993691904.1020813,2026-09-29
NYAX,51.17,58.8993,1912639304.0,2026-09-08
NYT,64.16999816894531,73.74720010757446,10349567418.300934,2026-09-29
OGE,44.68000030517578,46.627499942779544,9230051966.203606,2026-09-29
OII,45.84000015258789,38.19684995651245,4562438941.987019,2026-09-29
OKE,88.62000274658203,86.47634983062744,55866865301.33059,2026-09-29
OLLI,85.52999877929688,89.92742483139038,5080687456.077301,2026-09-29
OMCL,33.869998931884766,40.34370000839233,1540370599.2532845,2026-09-29
ON,75.6500015258789,79.97154994964599,29451953667.50306,2026-09-29
OPRA,17.399999618530273,16.66955003261566,1547162447.6807098,2026-09-29
OSIS,193.0399932861328,246.3956997680664,3077437395.687744,2026-09-29
OSK,132.7899932861328,146.90725063323976,8198420855.197525,2026-09-29
OSW,22.12,23.3773,2245151594.0,2026-09-08
OVV,64.1,52.8303,17730059577.0,2026-09-08
PAAS,51.0,52.4019,21145518000.0,2026-09-08
PACS,43.060001373291016,38.801649990081785,6817931670.160873,2026-09-29
PAHC,37.31,41.8298,1514845863.0,2026-09-08
PANL,8.31,7.585,544087072.0,2026-09-08
PARR,82.08,56.1903,4112177475.0,2026-09-08
PAY,29.920000076293945,28.671999979019166,3768114247.8484325,2026-09-29
PAYC,220.5800018310547,153.7292000579834,9941897801.5486,2026-09-29
PAYO,7.139999866485596,5.946250002384186,2419394923.7985325,2026-09-29
PAYS,12.720000267028809,7.187450009584427,718198639.3970222,2026-09-29
PBA,49.16,44.5845,28583344511.0,2026-09-08
PBR,20.83,17.113,134236151224.0,2026-09-08
PBYI,9.39,7.0855,484712437.0,2026-09-08
PCRX,25.389999389648438,23.91245005607605,1012093261.2102356,2026-09-29
PCTY,142.72000122070312,125.161875,7901835587.585449,2026-09-29
PENG,54.97999954223633,39.021175146102905,2817323567.562954,2026-09-29
PHIN,60.7400016784668,71.90724998474121,2225397526.615814,2026-09-29
PINS,20.14,21.8984,11405544018.0,2026-09-08
PKG,234.52000427246094,225.9572501373291,20895333462.149002,2026-09-29
PLMR,134.03,125.1466,3527359020.0,2026-09-08
PLXS,249.9,222.0794,6660359377.0,2026-09-08
PNTG,40.900001525878906,34.016000003814696,1428599179.8975372,2026-09-29
POWL,187.22999572753906,206.16551597595216,6821268802.063293,2026-09-29
PPC,28.110000610351562,33.824549980163575,6693230754.96991,2026-09-29
PRDO,30.010000228881836,33.065349922180175,1877937434.8727512,2026-09-29
PRIM,71.12000274658203,120.06740009307862,3858611126.2156296,2026-09-29
PRLB,96.9000015258789,68.79040002822876,2318031855.801918,2026-09-29
PSN,47.59,58.6922,5082868716.0,2026-09-08
PUMP,9.300000190734863,12.76029999256134,1142262451.526803,2026-09-29
PYPL,54.279998779296875,50.41967504501343,46434415196.45624,2026-09-29
PZZA,22.76,33.9517,748849846.0,2026-09-08
QCOM,187.47999572753906,169.1885499572754,200239975539.5133,2026-09-29
QGEN,45.0099983215332,42.486000080108646,9294339603.404999,2026-09-29
QNST,14.210000038146973,14.325899987220764,813144402.5028992,2026-09-29
QRVO,116.30000305175781,90.0217248916626,10260176187.131058,2026-09-29
RAIL,7.34,9.2639,240688000.0,2026-09-08
RCMT,40.66999816894531,26.421199922561645,289194555.5098114,2026-09-29
RDCM,10.119999885559082,12.514899988174438,169392373.32444477,2026-09-29
RDVT,78.61000061035156,54.03797496795654,1261452714.5442963,2026-09-29
REPX,42.83,32.6126,929237449.0,2026-09-08
RES,5.730000019073486,6.336799988746643,1270094682.987772,2026-09-29
RFIL,7.920000076293945,12.295600037574768,85914267.94761848,2026-09-29
RGCO,21.600000381469727,22.326449937820435,225062413.57474518,2026-09-29
RGEN,194.08999633789062,142.99584972381592,10953589473.216583,2026-09-29
RICK,27.56999969482422,25.53220001220703,210758862.66708374,2026-09-29
RL,357.1600036621094,365.3944496154785,21280392699.436676,2026-09-29
RLGT,8.75,7.960300014019013,410324862.5,2026-09-29
RMBS,102.12000274658203,107.7523000717163,11076099196.25869,2026-09-29
RMD,222.10000610351562,226.3320503997803,32038438043.046204,2026-09-29
ROST,237.08999633789062,216.87540000915527,75739136680.02777,2026-09-29
RSI,27.02,23.6113,3124223948.0,2026-09-08
RVLV,21.239999771118164,24.255850019454957,1509854304.5298386,2026-09-29
SAH,76.0,73.0444,2402724952.0,2026-09-08
SAIA,330.25,388.77125015258787,8786336586.75,2026-09-29
SAM,165.36000061035156,201.4710498046875,1701832376.4415436,2026-09-29
SANM,205.41,183.6345,11009433092.0,2026-09-08
SAP,209.30999755859375,194.19724990844728,241586484982.03857,2026-09-29
SBLK,31.02,24.57,3464046444.0,2026-09-08
SCL,63.91999816894531,55.10055006027222,1453063915.175476,2026-09-29
SCSC,57.779998779296875,45.482699947357176,1163851652.7716064,2026-09-29
SD,13.600000381469727,14.970550026893616,504224039.743103,2026-09-29
SENEA,182.52999877929688,150.16994998931884,1235811507.945282,2026-09-29
SFD,19.139999389648438,24.498425092697143,7536708389.003433,2026-09-29
SFM,63.45000076293945,78.18554996490478,5916561877.392292,2026-09-29
SGOV,100.48,100.5253,,2026-09-08
SHOO,44.900001525878906,41.25645002365113,3281536187.919525,2026-09-29
SHOP,144.00999450683594,129.84965003967284,185289585435.56378,2026-09-29
SITE,99.52,123.4413,4344584266.0,2026-09-08
SKWD,56.53,49.8811,2509733695.0,2026-09-08
SKY,86.81999969482422,83.19779998779296,4712601217.315018,2026-09-29
SKYW,100.72000122070312,96.87164989471435,3910788941.3978577,2026-09-29
SM,33.54999923706055,28.072849884033204,7980003799.931747,2026-09-29
SMID,24.110000610351562,31.275000009536743,127894053.89767456,2026-09-29
SMP,37.51499938964844,38.62422498703003,838096078.2595673,2026-09-21
SN,181.99000549316406,133.5802502822876,25755294551.60466,2026-09-29
SNA,369.2099914550781,379.05839935302737,19098171010.035767,2026-09-29
SNDK,1712.8900146484375,1115.3787229919433,250799644767.6996,2026-09-29
SNN,27.079999923706055,31.611750087738038,11333420505.509743,2026-09-29
SOGP,12.029999732971191,13.148699994087218,50214975.26538277,2026-09-29
SPOT,528.64,506.7127,108680037142.0,2026-09-08
SPSC,81.01000213623047,68.71400003433227,2916374172.6446686,2026-09-29
SSD,174.7899932861328,184.4883504486084,7163712291.614288,2026-09-29
STE,211.0,229.07105026245117,20572523210.0,2026-09-29
STRA,75.91000366210938,80.62100002288818,1685775885.01651,2026-09-29
STRT,66.58999633789062,78.79710004806519,265362001.07644653,2026-09-29
SUS.L,2010.0,2031.325,24423027600.0,2026-09-07
SVM,12.43,10.8702,2749594488.0,2026-09-08
SW,45.06999969482422,43.14200002670288,23640247303.48831,2026-09-29
SWKS,87.58999633789062,65.43064992904664,13179910424.332214,2026-09-29
TASK,7.65,8.4051,701405719.0,2026-09-08
TBCH,12.3,12.5406,220289448.0,2026-09-08
TDW,92.0,73.5725,4577573252.0,2026-09-08
TECH,72.51000213623047,61.783800010681155,11370890772.379898,2026-09-29
TEL,214.7100067138672,214.79585006713867,62161387127.63336,2026-09-29
TER,401.29998779296875,330.69744911193845,62739541066.54358,2026-09-29
THRM,33.61000061035156,34.78674990653992,1033138447.3516083,2026-09-29
TILE,35.16999816894531,31.293649950027465,2032842072.3641968,2026-09-29
TME,8.369999885559082,11.375700011253358,13641133641.898186,2026-09-29
TMUS,181.69,194.4341,194893707984.0,2026-09-08
TPC,86.5999984741211,79.67959980010987,4555906940.089203,2026-09-21
TREX,44.439998626708984,41.92090015411377,4526888903.70945,2026-09-29
TRI,97.33000183105469,99.20935028076173,42168357803.366974,2026-09-29
TRMD,35.41999816894531,28.387574949264526,3635890333.3808136,2026-09-29
TSLA,357.45001220703125,395.18344955444337,1411765764197.5483,2026-09-29
TSM,444.5199890136719,380.087200012207,2304920935110.765,2026-09-21
TSN,50.95000076293945,60.171500053405765,17924287304.803253,2026-09-29
TTC,97.06999969482422,93.00665016174317,9188974073.57103,2026-09-29
TXN,258.92,239.8875,236458103121.0,2026-09-08
TXRH,158.4499969482422,179.80774971008302,10400804524.379791,2026-09-29
UAN,132.9,116.2539,1404704825.0,2026-09-08
UFPI,79.41999816894531,91.41315006256103,4380925514.216293,2026-09-29
UHS,177.47999572753906,181.7742504119873,10460052430.396042,2026-09-29
UI,553.3699951171875,657.1175479125976,33494589898.421265,2026-09-29
ULS,64.80000305175781,83.66229988098145,13083002226.544327,2026-09-29
ULTA,549.1300048828125,556.7266986083985,23606720559.338745,2026-09-29
UNF,259.44000244140625,252.24670097351074,4691757887.270813,2026-09-29
UNFI,45.75,44.15704997062683,2759506593.0,2026-09-29
UNP,274.1000061035156,264.0422508239746,162836097627.74908,2026-09-29
UPS,94.25,105.12965003967285,80186164103.5,2026-09-29
URBN,79.43,72.0586,6803210503.0,2026-09-08
UTHR,497.97,523.5615,21358277947.0,2026-09-08
VBNK,22.06,17.0999,715164865.0,2026-09-08
VECO,49.06999969482422,44.96920001983643,2999631416.1447144,2026-09-29
VEEV,264.84,198.5776,42879939241.0,2026-09-08
VICR,285.1000061035156,212.4242501068115,13145029574.61316,2026-09-29
VMC,246.14999389648438,285.1383999633789,31895805813.96414,2026-09-29
VMD,9.109999656677246,9.29889998435974,346983744.0034447,2026-09-29
VMI,467.8399963378906,473.4011994934082,9031584696.023499,2026-09-29
VRTX,527.6699829101562,472.3046998596191,133743721435.47241,2026-09-29
VTS,16.75,18.259449982643126,705247309.75,2026-09-29
VWRA.L,195.1,179.8039,,2026-09-07
WDFC,203.89999389648438,218.74309913635253,2736561392.484131,2026-09-29
WES,49.43,42.9705,20423220258.0,2026-09-08
WEYS,47.13999938964844,36.23635008811951,450233332.7905426,2026-09-29
WFRD,93.7,92.4463,6700683926.0,2026-09-08
WILC,27.75,,385902933.0,2026-09-03
WILCF,25.31999969482422,29.486049995422363,352110347.59609985,2026-09-21
WIT,1.6699999570846558,2.2192999964952467,16571344450.348774,2026-09-21
WLDN,77.20999908447266,91.3110502243042,1176069732.1646042,2026-09-29
WSO,316.02,374.7194,13036517894.0,2026-09-08
WST,375.6499938964844,300.3277005004883,26436654565.760437,2026-09-29
WTS,358.010009765625,322.22024993896486,11951466056.506348,2026-09-29
XPEL,42.959999084472656,47.091149997711184,1184439308.8382263,2026-09-29
XYZ,80.1,68.9003,48123678583.0,2026-09-08
XZO,15.09000015258789,16.636500039100646,1359396516.3660202,2026-09-29
YALA,5.46999979019165,6.231099998950958,830504527.0350108,2026-09-29
YELP,17.59000015258789,25.077249965667725,954497101.6699715,2026-09-29
YMM,8.199999809265137,9.1058500289917,8576332191.311514,2026-09-29
YUMC,41.099998474121094,47.40034999847412,13916035701.253136,2026-09-29
ZIM,28.389999389648438,25.45234990119934,3421553244.1806335,2026-09-29
ZTO,19.670000076293945,23.045149993896484,14778577677.841606,2026-09-29
ZUMZ,14.140000343322754,21.942499971389772,216774873.08334827,2026-09-29
